-- --------------------------------------------------------

-- 
-- ESTRUCTURA DE TABLA PARA LA TABLA `ALUMNO`
-- 

DROP TABLE IF EXISTS `ALUMNO`;
CREATE TABLE `ALUMNO` (
  `ID_ALUMNO` MEDIUMINT(8) UNSIGNED NOT NULL AUTO_INCREMENT,
  `NOMBRE` VARCHAR(255) NOT NULL DEFAULT '',
  `EDAD` TINYINT(3) UNSIGNED NOT NULL DEFAULT '0',
  `CURSO` TINYINT(3) UNSIGNED NOT NULL DEFAULT '0',
  PRIMARY KEY  (`ID_ALUMNO`)
) ENGINE=MYISAM DEFAULT CHARSET=LATIN1 COMMENT='ALUMNO DE LA ESCUELA' AUTO_INCREMENT=7 ;

-- 
-- VOLCAR LA BASE DE DATOS PARA LA TABLA `ALUMNO`
-- 

INSERT INTO `ALUMNO` VALUES (1, 'LUIS PEREZ', 10, 2);
INSERT INTO `ALUMNO` VALUES (2, 'JUAN LOPEZ', 11, 3);
INSERT INTO `ALUMNO` VALUES (3, 'ANA GONZALEZ', 10, 3);
INSERT INTO `ALUMNO` VALUES (4, 'LAURA SANCHEZ', 12, 3);
INSERT INTO `ALUMNO` VALUES (5, 'ANTONIO RUIZ', 12, 3);
INSERT INTO `ALUMNO` VALUES (6, 'PEDRO JIMENEZ', 10, 2);

-- --------------------------------------------------------

-- 
-- ESTRUCTURA DE TABLA PARA LA TABLA `ASIGNATURAS`
-- 

DROP TABLE IF EXISTS `ASIGNATURAS`;
CREATE TABLE `ASIGNATURAS` (
  `ID_ASIGNATURA` MEDIUMINT(8) UNSIGNED NOT NULL AUTO_INCREMENT,
  `NOMBRE` VARCHAR(255) NOT NULL DEFAULT '',
  `ID_AULA` MEDIUMINT(8) UNSIGNED NOT NULL DEFAULT '0',
  PRIMARY KEY  (`ID_ASIGNATURA`)
) ENGINE=MYISAM DEFAULT CHARSET=LATIN1 COMMENT='ASIGNATURAS DE LA ESCUELA' AUTO_INCREMENT=4 ;

-- 
-- VOLCAR LA BASE DE DATOS PARA LA TABLA `ASIGNATURAS`
-- 

INSERT INTO `ASIGNATURAS` VALUES (1, 'HISTORIA', 1);
INSERT INTO `ASIGNATURAS` VALUES (2, 'BIOLOGÍA', 1);
INSERT INTO `ASIGNATURAS` VALUES (3, 'MATEMÁTICAS', 4);

-- --------------------------------------------------------

-- 
-- ESTRUCTURA DE TABLA PARA LA TABLA `AULAS`
-- 

DROP TABLE IF EXISTS `AULAS`;
CREATE TABLE `AULAS` (
  `ID_AULA` MEDIUMINT(8) UNSIGNED NOT NULL AUTO_INCREMENT,
  `NOMBRE` VARCHAR(255) NOT NULL DEFAULT '',
  PRIMARY KEY  (`ID_AULA`)
) ENGINE=MYISAM DEFAULT CHARSET=LATIN1 AUTO_INCREMENT=5 ;

-- 
-- VOLCAR LA BASE DE DATOS PARA LA TABLA `AULAS`
-- 

INSERT INTO `AULAS` VALUES (1, '1A');
INSERT INTO `AULAS` VALUES (2, '1B');
INSERT INTO `AULAS` VALUES (3, '2A');
INSERT INTO `AULAS` VALUES (4, '2B');

-- --------------------------------------------------------

-- 
-- ESTRUCTURA DE TABLA PARA LA TABLA `HORARIOS`
-- 

DROP TABLE IF EXISTS `HORARIOS`;
CREATE TABLE `HORARIOS` (
  `ID_HORARIO` MEDIUMINT(8) UNSIGNED NOT NULL AUTO_INCREMENT,
  `HORA_INICIO` TIME NOT NULL DEFAULT '00:00:00',
  `HORA_FIN` TIME NOT NULL DEFAULT '00:00:00',
  `DIA` ENUM('LUNES','MARTES','MIERCOLES','JUEVES','VIERNES') NOT NULL DEFAULT 'LUNES',
  `ID_ASIGNATURA` MEDIUMINT(8) UNSIGNED NOT NULL DEFAULT '0',
  PRIMARY KEY  (`ID_HORARIO`)
) ENGINE=MYISAM DEFAULT CHARSET=LATIN1 AUTO_INCREMENT=12 ;

-- 
-- VOLCAR LA BASE DE DATOS PARA LA TABLA `HORARIOS`
-- 

INSERT INTO `HORARIOS` VALUES (1, '08:00:00', '10:00:00', 'LUNES', 1);
INSERT INTO `HORARIOS` VALUES (2, '10:00:00', '12:00:00', 'LUNES', 2);
INSERT INTO `HORARIOS` VALUES (3, '12:00:00', '14:00:00', 'LUNES', 3);
INSERT INTO `HORARIOS` VALUES (4, '08:00:00', '12:00:00', 'MARTES', 1);
INSERT INTO `HORARIOS` VALUES (5, '12:00:00', '14:00:00', 'MARTES', 2);
INSERT INTO `HORARIOS` VALUES (6, '10:00:00', '12:00:00', 'MIERCOLES', 3);
INSERT INTO `HORARIOS` VALUES (7, '12:00:00', '14:00:00', 'MIERCOLES', 1);
INSERT INTO `HORARIOS` VALUES (8, '08:00:00', '10:00:00', 'JUEVES', 2);
INSERT INTO `HORARIOS` VALUES (9, '10:00:00', '12:00:00', 'JUEVES', 3);
INSERT INTO `HORARIOS` VALUES (10, '12:00:00', '14:00:00', 'JUEVES', 1);
INSERT INTO `HORARIOS` VALUES (11, '08:00:00', '12:00:00', 'VIERNES', 2);

-- --------------------------------------------------------

-- 
-- ESTRUCTURA DE TABLA PARA LA TABLA `LISTAS`
-- 

DROP TABLE IF EXISTS `LISTAS`;
CREATE TABLE `LISTAS` (
  `ID_LISTA` MEDIUMINT(8) UNSIGNED NOT NULL AUTO_INCREMENT,
  `ID_PROFESOR` MEDIUMINT(8) UNSIGNED NOT NULL DEFAULT '0',
  `ID_ALUMNO` MEDIUMINT(8) UNSIGNED NOT NULL DEFAULT '0',
  `ID_ASIGNATURA` MEDIUMINT(8) UNSIGNED NOT NULL DEFAULT '0',
  PRIMARY KEY  (`ID_LISTA`)
) ENGINE=MYISAM DEFAULT CHARSET=LATIN1 COMMENT='LISTAS QUE RELACIONAN A ALUMNOS, PROFESORES Y ASIGNATURAS' AUTO_INCREMENT=10 ;

-- 
-- VOLCAR LA BASE DE DATOS PARA LA TABLA `LISTAS`
-- 

INSERT INTO `LISTAS` VALUES (1, 1, 1, 1);
INSERT INTO `LISTAS` VALUES (2, 1, 2, 1);
INSERT INTO `LISTAS` VALUES (3, 1, 3, 1);
INSERT INTO `LISTAS` VALUES (4, 1, 1, 2);
INSERT INTO `LISTAS` VALUES (5, 1, 2, 2);
INSERT INTO `LISTAS` VALUES (6, 1, 3, 2);
INSERT INTO `LISTAS` VALUES (7, 2, 4, 3);
INSERT INTO `LISTAS` VALUES (8, 2, 5, 3);
INSERT INTO `LISTAS` VALUES (9, 2, 6, 3);

-- --------------------------------------------------------

-- 
-- ESTRUCTURA DE TABLA PARA LA TABLA `PROFESORES`
-- 

DROP TABLE IF EXISTS `PROFESORES`;
CREATE TABLE `PROFESORES` (
  `ID_PROFESOR` MEDIUMINT(8) UNSIGNED NOT NULL AUTO_INCREMENT,
  `NOMBRE` VARCHAR(255) NOT NULL DEFAULT '',
  PRIMARY KEY  (`ID_PROFESOR`)
) ENGINE=MYISAM DEFAULT CHARSET=LATIN1 COMMENT='PROFESORES DE LA ESCUELA' AUTO_INCREMENT=3 ;

-- 
-- VOLCAR LA BASE DE DATOS PARA LA TABLA `PROFESORES`
-- 

INSERT INTO `PROFESORES` VALUES (1, 'ROBERTO JUAREZ');
INSERT INTO `PROFESORES` VALUES (2, 'MARCELA HERRERA');